{"train/D_fake":-0.002017601393163204,"train/global_loss":1.6393232345581055,"mae":47.290477554836094,"test/psnr_db":2.105159188562165,"train/G_loss":0.9775672554969788,"_step":1,"train/M_loss":0.000701152253895998,"_wandb":{"runtime":174},"_timestamp":1.7665302759846954e+09,"train/D_real":0.8274948000907898,"_runtime":174.2074244,"train/D_loss":0.006015937775373459,"test/mae":47.290477554836094,"psnr_db":2.105159188562165}