{
    "input": {
        "u10m": {"mean": -0.05005737766623497, "std": 5.59859561920166},
        "v10m": {"mean": 0.21419112384319305, "std": 4.79155158996582},
        "t2m": {"mean": 279.0225830078125, "std": 21.10308074951172},
        "tcwv": {"mean": 18.789777755737305, "std": 16.78769302368164},
        "sp": {"mean": 96634.8515625, "std": 9588.962890625},
        "msl": {"mean": 100936.546875, "std": 1344.553955078125},
        "u1000": {"mean": -0.026339635252952576, "std": 6.194192886352539},
        "u850": {"mean": 1.4371949434280396, "std": 8.284767150878906},
        "u500": {"mean": 6.506551265716553, "std": 12.12907886505127},
        "u250": {"mean": 13.129220962524414, "std": 18.167522430419922},
        "v1000": {"mean": 0.21342408657073975, "std": 5.329238414764404},
        "v850": {"mean": 0.15061339735984802, "std": 6.287937164306641},
        "v500": {"mean": -0.02735314331948757, "std": 9.25533676147461},
        "v250": {"mean": -0.025549720972776413, "std": 13.481413841247559},
        "z1000": {"mean": 724.7395629882812, "std": 1087.9266357421875},
        "z850": {"mean": 13757.76171875, "std": 1499.3248291015625},
        "z500": {"mean": 54187.7734375, "std": 3396.968505859375},
        "z250": {"mean": 101391.5078125, "std": 5588.7900390625},
        "t1000": {"mean": 281.52703857421875, "std": 16.893762588500977},
        "t850": {"mean": 274.9768981933594, "std": 15.561846733093262},
        "t500": {"mean": 253.3607177734375, "std": 13.105733871459961},
        "t250": {"mean": 223.28836059570312, "std": 8.537020683288574},
        "q1000": {"mean": 0.007135670632123947, "std": 0.005955385509878397},
        "q850": {"mean": 0.004676346201449633, "std": 0.004180364776402712},
        "q500": {"mean": 0.0008966333698481321, "std": 0.001141176326200366},
        "q250": {"mean": 6.0571528592845425e-05, "std": 7.921535143395886e-05}
    },
    "output": {
        "2t": {"mean": 287.4493103027344, "std": 11.269380569458008},
        "10u": {"mean": 0.43938562273979187, "std": 3.607996702194214},
        "10v": {"mean": -0.3085174560546875, "std": 4.190973281860352},
        "refc": {"mean": -8.031956672668457, "std": 6.9919843673706055},
        "gust": {"mean": 6.878522872924805, "std": 3.9692935943603516},
        "2d": {"mean": 280.44732666015625, "std": 11.631511688232422},
        "2r": {"mean": 66.91444396972656, "std": 22.74889373779297},
        "tp": {"mean": 0.055637866258621216, "std": 0.71016526222229},
        "cape": {"mean": 312.5709533691406, "std": 715.5137329101562},
        "cin": {"mean": -15.9696626663208, "std": 59.238525390625},
        "tcc": {"mean": 24.285524368286133, "std": 37.55541229248047},
        "dswrf": {"mean": 205.18228149414062, "std": 291.7500915527344},
        "dlwrf": {"mean": 321.2004699707031, "std": 65.80364990234375},
        "vbdsf": {"mean": 226.78451538085938, "std": 341.33837890625},
        "veril": {"mean": 0.01962699368596077, "std": 0.5044796466827393},
        "hpbl": {"mean": 639.8490600585938, "std": 582.4644165039062}
    },
    "invariant": {
        "latitude": {"mean": 0.0, "std": 0.017453292519943295},
        "longitude": {"mean": 0.0, "std": 0.017453292519943295},
        "elev_mean": {"mean": 475.7681, "std": 657.7289},
        "lsm_mean": {"mean": 0, "std": 1}
    }
}
